gene,score
gene1,50.44521514791995
gene2,94.46517082396895
gene3,36.345009272918105
gene4,1.7642394872382283
gene5,89.29652078077197
gene6,70.44373110402375
gene7,42.90377739816904
gene8,60.42245733551681
gene9,88.9575026
gene10,0.5565598839893937
