gene,score
gene1,94.27023627795279
gene2,84.88113000057638
gene3,89.47127955034375
gene4,62.901004031300545
gene5,50.59244630392641
gene6,25.235419860109687
gene7,67.60159730911255
gene8,14.04328029602766
gene9,75.81146336
gene10,95.31601823400706
