gene,score
gene1,43.34817819762975
gene2,25.99218504037708
gene3,11.121196718886495
gene4,34.310690709389746
gene5,82.07526078913361
gene6,25.208566896617413
gene7,34.380588959902525
gene8,15.152431768365204
gene9,58.415197394788265
gene10,76.63904984947294
