gene,score
gene1,97.69551407080144
gene2,11.268735490739346
gene3,98.85932896286249
gene4,64.01149020530283
gene5,3.4885045839473605
gene6,11.364244297146797
gene7,86.75479979719967
gene8,13.826998881995678
gene9,49.70640663523227
gene10,10.610401607118547
