gene,score
gene1,5.443999287672341
gene2,72.07197370007634
gene3,60.46841996721923
gene4,79.23362052533776
gene5,24.40056218765676
gene6,11.094441381283104
gene7,3.3582192845642567
gene8,98.37749840226024
gene9,55.46867835801095
gene10,80.93270193785429
